[{"model": "backend.city", "pk": 1, "fields": {"city": "Екатеринбург", "phone_number": "+7(343)247-30-46", "working_hours": "пн-пт 9:00 - 18:00, сб 10:00-14:00", "latitude": 56.838926, "longitude": 60.605703, "slug": "ekaterinburg"}}, {"model": "backend.city", "pk": 2, "fields": {"city": "Новосибирск", "phone_number": "+7(383)234-91-09", "working_hours": "пн-пт 9:00 - 18:00, сб 10:00-14:00", "latitude": 55.018803, "longitude": 82.933952, "slug": "novosibirsk"}}, {"model": "backend.city", "pk": 3, "fields": {"city": "Таллин", "phone_number": "1111111111111111", "working_hours": "пн-пт 9:00 - 18:00, сб 10:00-14:00", "latitude": 59.436961, "longitude": 24.753575, "slug": "tallinn"}}, {"model": "backend.city", "pk": 4, "fields": {"city": "Батуми", "phone_number": "1111111111111111", "working_hours": "пн-пт 9:00 - 18:00, сб 10:00-14:00", "latitude": 41.643414, "longitude": 41.6399, "slug": "batumi"}}, {"model": "backend.office", "pk": 1, "fields": {"city": 1, "address": "Космонавтов 31а"}}, {"model": "backend.office", "pk": 2, "fields": {"city": 1, "address": "Волгоградская 49а"}}, {"model": "backend.office", "pk": 3, "fields": {"city": 2, "address": "Красный проспект, 220 корпус 87"}}, {"model": "backend.office", "pk": 4, "fields": {"city": 2, "address": "Богдана Хмельницкого, 93 корпус 2"}}, {"model": "backend.office", "pk": 5, "fields": {"city": 2, "address": "Станционная 39"}}, {"model": "backend.office", "pk": 6, "fields": {"city": 2, "address": "Петухова 67"}}, {"model": "backend.office", "pk": 7, "fields": {"city": 2, "address": "Приграничная 1"}}, {"model": "backend.office", "pk": 8, "fields": {"city": 2, "address": "Карла Либкнехта 125"}}, {"model": "backend.office", "pk": 9, "fields": {"city": 2, "address": "Федосеева 8"}}, {"model": "backend.office", "pk": 10, "fields": {"city": 3, "address": "A. Weizenbergi 37"}}, {"model": "backend.office", "pk": 11, "fields": {"city": 3, "address": "Vabaõhumuuseumi tee 12"}}, {"model": "backend.office", "pk": 12, "fields": {"city": 3, "address": "Vesilennuki 6"}}, {"model": "backend.office", "pk": 13, "fields": {"city": 4, "address": "12 Parnavaz Mepe St"}}, {"model": "backend.office", "pk": 14, "fields": {"city": 4, "address": "14 მ. შარაშიძის ქუჩა"}}, {"model": "backend.office", "pk": 15, "fields": {"city": 4, "address": "77 Chavchavadze St"}}, {"model": "backend.employee", "pk": 1, "fields": {"employees": 1, "image": "images/employees/prusak.webp", "name": "Прусаков Андрей Алексеевич", "position": "Директор филиала Ё-такси в Екатеринбурге", "quote": "Наша задача сделать так, чтобы клиенту было во всём удобно, и не важно, насколько это сложно бизнесу"}}, {"model": "backend.employee", "pk": 2, "fields": {"employees": 1, "image": "images/employees/shenfild.webp", "name": "Шенфельд Виктор Викторович", "position": "Руководитель отдела по обслуживанию водителей", "quote": "Наш опыт - лучшая гарантия вашего заработка и стабильности"}}, {"model": "backend.employee", "pk": 3, "fields": {"employees": 1, "image": "images/employees/pram.webp", "name": "Прамзелев Евгений Сергеевич", "position": "Менеджер отдела по обслуживанию водителей", "quote": "Доверьтесь лидерам. Создадим ваше благополучие вместе!"}}, {"model": "backend.employee", "pk": 4, "fields": {"employees": 1, "image": "images/employees/alex.webp", "name": "Алексеев Александр Фёдорович", "position": "Менеджер отдела по обслуживанию водителей", "quote": "Ё такси - с нами вы уверены в завтрашнем дне!"}}, {"model": "backend.employee", "pk": 5, "fields": {"employees": 2, "image": "images/employees/pavl.webp", "name": "Павленко Александр Юрьевич", "position": "Директор Новосибирского филиала Ё-такси", "quote": "Мы - современный, иновационный таксопарк! Наша задача - создать для водителя комфортные условия для стабильного заработка!"}}, {"model": "backend.employee", "pk": 6, "fields": {"employees": 2, "image": "images/employees/proskur.webp", "name": "Проскурин Александр Александрович", "position": "Руководитель отдела обслуживания водителей", "quote": "С нами, вы станете намного ближе к своей цели. Реализуем задуманное"}}, {"model": "backend.employee", "pk": 7, "fields": {"employees": 2, "image": "images/employees/______.webp", "name": "Шашкова Алина Александровна", "position": "Менеджер по набору персонала", "quote": "Присоединяйтесь к дружной команде Ё-такси"}}, {"model": "backend.employee", "pk": 8, "fields": {"employees": 2, "image": "images/employees/kremnev.webp", "name": "Кремнёв Никита Алексеевич", "position": "Старший менеджер отдела обслуживания водителей", "quote": "Начни зарабатывать в Ё-такси и реализуй свои планы"}}, {"model": "backend.employee", "pk": 9, "fields": {"employees": 2, "image": "images/employees/Koh.webp", "name": "Кохманов Николай Павлович", "position": "Старший менеджер отдела обслуживания водителей", "quote": "Путь к успеху - это активные решительные действия"}}, {"model": "backend.employee", "pk": 10, "fields": {"employees": 3, "image": "images/employees/bruh.webp", "name": "Брюховских Владислав", "position": "Операционный директор сети Ё-такси", "quote": "Мы - современный, иновационный таксопарк! Наша задача - создать для водителя комфортные условия для стабильного заработка! Мы ждём тебя в нашей команде, коллега!"}}, {"model": "backend.employee", "pk": 11, "fields": {"employees": 3, "image": "images/employees/zlob.webp", "name": "Злобин Валентин Андреевич", "position": "Руководитель макрорегиона: Восточный", "quote": "Наша задача сделать так, чтобы клиенту было во всём удобно, и не важно, насколько это сложно бизнесу"}}, {"model": "backend.employee", "pk": 12, "fields": {"employees": 3, "image": "images/employees/dub.webp", "name": "Дунбинский Сергей Валерьевич", "position": "Директор Краснояского филиала Ё-такси", "quote": "Рынок такси активно развивается и мы развиваемся вместе с ним, ставя перед собой амбициозные цели"}}, {"model": "backend.employee", "pk": 13, "fields": {"employees": 3, "image": "images/employees/oschep.webp", "name": "Ощепкова Ольга Евгеньевна", "position": "Директор Тюменского филиала Ё-такси", "quote": "Масштабным достижениям предшествует масштабное мышление. Наша конкурентоспособность заключается в том, что мы строим бизнес основываясь на потребностях клиента. Для нас - это главная стратегия"}}, {"model": "backend.employee", "pk": 14, "fields": {"employees": 3, "image": "images/employees/scheb.webp", "name": "Шеблов Александр Геннадьевич", "position": "Директор Омского филиала Ё-такси", "quote": "\"Ё-Такси - стабильность и уверенность в завтрашнем дне.\""}}, {"model": "backend.employee", "pk": 15, "fields": {"employees": 4, "image": "images/employees/bruh_kAu8VtC.webp", "name": "Брюховских Владислав", "position": "Операционный директор сети Ё-такси", "quote": "Мы - современный, иновационный таксопарк! Наша задача - создать для водителя комфортные условия для стабильного заработка! Мы ждём тебя в нашей команде, коллега!"}}, {"model": "backend.employee", "pk": 16, "fields": {"employees": 4, "image": "images/employees/zlob_eR0YN4j.webp", "name": "Злобин Валентин Андреевич", "position": "Руководитель макрорегиона: Восточный", "quote": "Наша задача сделать так, чтобы клиенту было во всём удобно, и не важно, насколько это сложно бизнесу"}}, {"model": "backend.employee", "pk": 17, "fields": {"employees": 4, "image": "images/employees/dub_XVBlafe.webp", "name": "Дунбинский Сергей Валерьевич", "position": "Директор Краснояского филиала Ё-такси", "quote": "Рынок такси активно развивается и мы развиваемся вместе с ним, ставя перед собой амбициозные цели"}}, {"model": "backend.employee", "pk": 18, "fields": {"employees": 4, "image": "images/employees/oschep_D6QGVUn.webp", "name": "Ощепкова Ольга Евгеньевна", "position": "Директор Тюменского филиала Ё-такси", "quote": "Масштабным достижениям предшествует масштабное мышление. Наша конкурентоспособность заключается в том, что мы строим бизнес основываясь на потребностях клиента. Для нас - это главная стратегия"}}, {"model": "backend.employee", "pk": 19, "fields": {"employees": 4, "image": "images/employees/scheb_zaqveTp.webp", "name": "Шеблов Александр Геннадьевич", "position": "Директор Омского филиала Ё-такси", "quote": "\"Ё-Такси - стабильность и уверенность в завтрашнем дне.\""}}, {"model": "backend.car", "pk": 1, "fields": {"city": 1, "image": "images/jetta_Vaz.webp", "model": "Jetta VA3", "transmission": "АКПП", "engine_capacity": "1.5", "fuel": "Газ", "rental_price": 2000, "taxi_class": "Эконом"}}, {"model": "backend.car", "pk": 2, "fields": {"city": 1, "image": "images/faw.webp", "model": "FАW Bestunе B70", "transmission": "АКПП", "engine_capacity": "2.0", "fuel": "Газ", "rental_price": 2000, "taxi_class": "Эконом"}}, {"model": "backend.car", "pk": 3, "fields": {"city": 2, "image": "images/jac_j7.webp", "model": "JAC J7", "transmission": "АКПП", "engine_capacity": "1.5", "fuel": "Газ", "rental_price": 2000, "taxi_class": "Эконом"}}, {"model": "backend.car", "pk": 4, "fields": {"city": 2, "image": "images/jetta.webp", "model": "Jetta VA3", "transmission": "АКПП", "engine_capacity": "1.5", "fuel": "Газ", "rental_price": 2000, "taxi_class": "Эконом"}}, {"model": "backend.car", "pk": 5, "fields": {"city": 2, "image": "images/polo_2021.webp", "model": "Volkswagen Polo", "transmission": "АКПП", "engine_capacity": "1.6", "fuel": "Газ", "rental_price": 2000, "taxi_class": "Эконом"}}, {"model": "backend.car", "pk": 6, "fields": {"city": 3, "image": "images/polo_2021_QYjW0C3.webp", "model": "Volkswagen Polo", "transmission": "АКПП", "engine_capacity": "1.6", "fuel": "Газ", "rental_price": 2000, "taxi_class": "Эконом"}}, {"model": "backend.car", "pk": 7, "fields": {"city": 3, "image": "images/jac_j7_SfG3EbU.webp", "model": "JAC J7", "transmission": "АКПП", "engine_capacity": "1.5", "fuel": "Газ", "rental_price": 2000, "taxi_class": "Эконом"}}, {"model": "backend.car", "pk": 8, "fields": {"city": 3, "image": "images/jetta_Vaz_xOZAU2u.webp", "model": "Jetta VA3", "transmission": "АКПП", "engine_capacity": "1.5", "fuel": "Газ", "rental_price": 2000, "taxi_class": "Эконом"}}, {"model": "backend.car", "pk": 9, "fields": {"city": 4, "image": "images/polo_2021_GWCAvKp.webp", "model": "Volkswagen Polo", "transmission": "АКПП", "engine_capacity": "1.6", "fuel": "Газ", "rental_price": 2000, "taxi_class": "Эконом"}}, {"model": "backend.car", "pk": 10, "fields": {"city": 4, "image": "images/jetta_YrgSfQa.webp", "model": "Jetta VA3", "transmission": "АКПП", "engine_capacity": "1.5", "fuel": "Газ", "rental_price": 2000, "taxi_class": "Эконом"}}, {"model": "backend.car", "pk": 11, "fields": {"city": 4, "image": "images/jac_j7_F2YIrVr.webp", "model": "JAC J7", "transmission": "АКПП", "engine_capacity": "1.5", "fuel": "Газ", "rental_price": 2000, "taxi_class": "Эконом"}}, {"model": "backend.car", "pk": 12, "fields": {"city": 3, "image": "images/taos.webp", "model": "Volkswagen Taos", "transmission": "МКПП", "engine_capacity": "1.6", "fuel": "Газ", "rental_price": 2000, "taxi_class": "Эконом"}}, {"model": "backend.feedback", "pk": 1, "fields": {"city": 1, "name": "Виктор Зенин", "text": "Он правда из Томска, из Екб видимо нет довольных :D", "url_video": "https://youtu.be/HXzntBEUAfA"}}, {"model": "backend.feedback", "pk": 2, "fields": {"city": 1, "name": "Аян Сандара", "text": "Он тоже из Томска", "url_video": "https://youtu.be/q2gRqgS7VPg"}}, {"model": "backend.feedback", "pk": 3, "fields": {"city": 2, "name": "Акперов Вусал", "text": "-", "url_video": "https://youtu.be/pQf1MmoFDeo"}}, {"model": "backend.feedback", "pk": 4, "fields": {"city": 2, "name": "Сергеев Алексей", "text": "-", "url_video": "https://youtu.be/nsNsT_2VZJA"}}, {"model": "backend.feedback", "pk": 5, "fields": {"city": 2, "name": "Роман Иванов", "text": "-", "url_video": "https://youtu.be/K0seAZEAf0M"}}, {"model": "backend.feedback", "pk": 6, "fields": {"city": 3, "name": "Акперов Вусал", "text": "-", "url_video": "https://youtu.be/pQf1MmoFDeo"}}, {"model": "backend.feedback", "pk": 7, "fields": {"city": 3, "name": "Роман Иванов", "text": "-", "url_video": "https://youtu.be/K0seAZEAf0M"}}, {"model": "backend.feedback", "pk": 8, "fields": {"city": 3, "name": "Сергеев Алексей", "text": "-", "url_video": "https://youtu.be/nsNsT_2VZJA"}}, {"model": "backend.feedback", "pk": 9, "fields": {"city": 4, "name": "Акперов Вусал", "text": "-", "url_video": "https://youtu.be/pQf1MmoFDeo"}}, {"model": "backend.feedback", "pk": 10, "fields": {"city": 4, "name": "Роман Иванов", "text": "-", "url_video": "https://youtu.be/K0seAZEAf0M"}}, {"model": "backend.feedback", "pk": 11, "fields": {"city": 4, "name": "Аян Сандара", "text": "-", "url_video": "https://youtu.be/q2gRqgS7VPg"}}]