[{"model": "backend.city", "pk": 1, "fields": {"city": "Екатеринбург", "phone_number": "+7(343)247-30-46", "working_hours": "пн-пт 9:00 - 18:00, сб 10:00-14:00", "latitude": 56.838926, "longitude": 60.605703, "slug": "ekaterinburg"}}, {"model": "backend.city", "pk": 2, "fields": {"city": "Новосибирск", "phone_number": "+7(383)234-91-09", "working_hours": "пн-пт 9:00 - 18:00, сб 10:00-14:00", "latitude": 55.018803, "longitude": 82.933952, "slug": "novosibirsk"}}, {"model": "backend.city", "pk": 3, "fields": {"city": "Таллин", "phone_number": "1111111111111111", "working_hours": "пн-пт 9:00 - 18:00, сб 10:00-14:00", "latitude": 59.436961, "longitude": 24.753575, "slug": "tallinn"}}, {"model": "backend.city", "pk": 4, "fields": {"city": "Батуми", "phone_number": "1111111111111111", "working_hours": "пн-пт 9:00 - 18:00, сб 10:00-14:00", "latitude": 41.643414, "longitude": 41.6399, "slug": "batumi"}}, {"model": "backend.office", "pk": 1, "fields": {"city": 1, "address": "Космонавтов 31а"}}, {"model": "backend.office", "pk": 2, "fields": {"city": 1, "address": "Волгоградская 49а"}}, {"model": "backend.office", "pk": 3, "fields": {"city": 2, "address": "Красный проспект, 220 корпус 87"}}, {"model": "backend.office", "pk": 4, "fields": {"city": 2, "address": "Богдана Хмельницкого, 93 корпус 2"}}, {"model": "backend.office", "pk": 5, "fields": {"city": 2, "address": "Станционная 39"}}, {"model": "backend.office", "pk": 6, "fields": {"city": 2, "address": "Петухова 67"}}, {"model": "backend.office", "pk": 7, "fields": {"city": 2, "address": "Приграничная 1"}}, {"model": "backend.office", "pk": 8, "fields": {"city": 2, "address": "Карла Либкнехта 125"}}, {"model": "backend.office", "pk": 9, "fields": {"city": 2, "address": "Федосеева 8"}}, {"model": "backend.office", "pk": 10, "fields": {"city": 3, "address": "A. Weizenbergi 37"}}, {"model": "backend.office", "pk": 11, "fields": {"city": 3, "address": "Vabaõhumuuseumi tee 12"}}, {"model": "backend.office", "pk": 12, "fields": {"city": 3, "address": "Vesilennuki 6"}}, {"model": "backend.office", "pk": 13, "fields": {"city": 4, "address": "12 Parnavaz Mepe St"}}, {"model": "backend.office", "pk": 14, "fields": {"city": 4, "address": "14 მ. შარაშიძის ქუჩა"}}, {"model": "backend.office", "pk": 15, "fields": {"city": 4, "address": "77 Chavchavadze St"}}, {"model": "backend.car", "pk": 1, "fields": {"city": 1, "image": "images/jetta_Vaz.webp", "model": "Jetta VA3 2023 г.", "transmission": "АКПП", "engine_capacity": "1.5", "fuel_type": "Авто на газу - экономия 200 р/ 100 км в сравнении с бензином", "rental_price": 2000}}, {"model": "backend.car", "pk": 2, "fields": {"city": 1, "image": "images/faw.webp", "model": "FАW Bestunе B70 2023г.", "transmission": "АКПП", "engine_capacity": "2.0", "fuel_type": "-", "rental_price": 2000}}, {"model": "backend.car", "pk": 3, "fields": {"city": 2, "image": "images/jac_j7.webp", "model": "JAC J7", "transmission": "АКПП", "engine_capacity": "1.5", "fuel_type": "Авто на газу - экономия 200 р/ 100 км в сравнении с бензином", "rental_price": 2000}}, {"model": "backend.car", "pk": 4, "fields": {"city": 2, "image": "images/jetta.webp", "model": "Jetta VA3 2023 г.", "transmission": "АКПП", "engine_capacity": "1.5", "fuel_type": "Авто на газу - экономия 200 р/ 100 км в сравнении с бензином", "rental_price": 2000}}, {"model": "backend.car", "pk": 5, "fields": {"city": 2, "image": "images/polo_2021.webp", "model": "Volkswagen Polo 2021 г.", "transmission": "АКПП", "engine_capacity": "1.6", "fuel_type": "Авто на газу - экономия 200 р/ 100 км в сравнении с бензином", "rental_price": 2000}}, {"model": "backend.car", "pk": 6, "fields": {"city": 3, "image": "images/polo_2021_QYjW0C3.webp", "model": "Volkswagen Polo 2021 г.", "transmission": "АКПП", "engine_capacity": "1.6", "fuel_type": "Авто на газу - экономия 200 р/ 100 км в сравнении с бензином", "rental_price": 2000}}, {"model": "backend.car", "pk": 7, "fields": {"city": 3, "image": "images/jac_j7_SfG3EbU.webp", "model": "JAC J7", "transmission": "АКПП", "engine_capacity": "1.5", "fuel_type": "Авто на газу - экономия 200 р/ 100 км в сравнении с бензином", "rental_price": 2000}}, {"model": "backend.car", "pk": 8, "fields": {"city": 3, "image": "images/jetta_Vaz_xOZAU2u.webp", "model": "Jetta VA3 2023г.", "transmission": "АКПП", "engine_capacity": "1.5", "fuel_type": "Авто на газу - экономия 200 р/ 100 км в сравнении с бензином", "rental_price": 2000}}, {"model": "backend.car", "pk": 9, "fields": {"city": 4, "image": "images/polo_2021_GWCAvKp.webp", "model": "Volkswagen Polo 2021 г.", "transmission": "АКПП", "engine_capacity": "1.6", "fuel_type": "Авто на газу - экономия 200 р/ 100 км в сравнении с бензином", "rental_price": 2000}}, {"model": "backend.car", "pk": 10, "fields": {"city": 4, "image": "images/jetta_YrgSfQa.webp", "model": "Jetta VA3 2023 г.", "transmission": "АКПП", "engine_capacity": "1.5", "fuel_type": "Авто на газу - экономия 200 р/ 100 км в сравнении с бензином", "rental_price": 2000}}, {"model": "backend.car", "pk": 11, "fields": {"city": 4, "image": "images/jac_j7_F2YIrVr.webp", "model": "JAC J7", "transmission": "АКПП", "engine_capacity": "1.5", "fuel_type": "Авто на газу - экономия 200 р/ 100 км в сравнении с бензином", "rental_price": 2000}}, {"model": "backend.feedback", "pk": 1, "fields": {"city": 1, "name": "Виктор Зенин", "text": "Он правда из Томска, из Екб видимо нет довольных :D", "url_video": "https://youtu.be/HXzntBEUAfA"}}, {"model": "backend.feedback", "pk": 2, "fields": {"city": 1, "name": "Аян Сандара", "text": "Он тоже из Томска", "url_video": "https://youtu.be/q2gRqgS7VPg"}}, {"model": "backend.feedback", "pk": 3, "fields": {"city": 2, "name": "Акперов Вусал", "text": "-", "url_video": "https://youtu.be/pQf1MmoFDeo"}}, {"model": "backend.feedback", "pk": 4, "fields": {"city": 2, "name": "Сергеев Алексей", "text": "-", "url_video": "https://youtu.be/nsNsT_2VZJA"}}, {"model": "backend.feedback", "pk": 5, "fields": {"city": 2, "name": "Роман Иванов", "text": "-", "url_video": "https://youtu.be/K0seAZEAf0M"}}, {"model": "backend.feedback", "pk": 6, "fields": {"city": 3, "name": "Акперов Вусал", "text": "-", "url_video": "https://youtu.be/pQf1MmoFDeo"}}, {"model": "backend.feedback", "pk": 7, "fields": {"city": 3, "name": "Роман Иванов", "text": "-", "url_video": "https://youtu.be/K0seAZEAf0M"}}, {"model": "backend.feedback", "pk": 8, "fields": {"city": 3, "name": "Сергеев Алексей", "text": "-", "url_video": "https://youtu.be/nsNsT_2VZJA"}}, {"model": "backend.feedback", "pk": 9, "fields": {"city": 4, "name": "Акперов Вусал", "text": "-", "url_video": "https://youtu.be/pQf1MmoFDeo"}}, {"model": "backend.feedback", "pk": 10, "fields": {"city": 4, "name": "Роман Иванов", "text": "-", "url_video": "https://youtu.be/K0seAZEAf0M"}}, {"model": "backend.feedback", "pk": 11, "fields": {"city": 4, "name": "Аян Сандара", "text": "-", "url_video": "https://youtu.be/q2gRqgS7VPg"}}]