[{"model": "backend.city", "pk": 1, "fields": {"city": "Екатеринбург", "phone_number": "+7(343)247-30-46", "working_hours": "пн-пт 9:00 - 18:00, сб 10:00-14:00", "latitude": 56.838926, "longitude": 60.605703, "slug": "ekaterinburg"}}, {"model": "backend.city", "pk": 2, "fields": {"city": "Новосибирск", "phone_number": "+7(383)234-91-09", "working_hours": "пн-пт 9:00 - 18:00, сб 10:00-14:00", "latitude": 55.018803, "longitude": 82.933952, "slug": "novosibirsk"}}, {"model": "backend.city", "pk": 3, "fields": {"city": "Таллин", "phone_number": "1111111111111111", "working_hours": "пн-пт 9:00 - 18:00, сб 10:00-14:00", "latitude": 59.436961, "longitude": 24.753575, "slug": "tallinn"}}, {"model": "backend.city", "pk": 4, "fields": {"city": "Батуми", "phone_number": "1111111111111111", "working_hours": "пн-пт 9:00 - 18:00, сб 10:00-14:00", "latitude": 41.643414, "longitude": 41.6399, "slug": "batumi"}}, {"model": "backend.office", "pk": 1, "fields": {"city": 1, "address": "Космонавтов 31а"}}, {"model": "backend.office", "pk": 2, "fields": {"city": 1, "address": "Волгоградская 49а"}}, {"model": "backend.office", "pk": 3, "fields": {"city": 2, "address": "Красный проспект, 220 корпус 87"}}, {"model": "backend.office", "pk": 4, "fields": {"city": 2, "address": "Богдана Хмельницкого, 93 корпус 2"}}, {"model": "backend.office", "pk": 5, "fields": {"city": 2, "address": "Станционная 39"}}, {"model": "backend.office", "pk": 6, "fields": {"city": 2, "address": "Петухова 67"}}, {"model": "backend.office", "pk": 7, "fields": {"city": 2, "address": "Приграничная 1"}}, {"model": "backend.office", "pk": 8, "fields": {"city": 2, "address": "Карла Либкнехта 125"}}, {"model": "backend.office", "pk": 9, "fields": {"city": 2, "address": "Федосеева 8"}}, {"model": "backend.office", "pk": 10, "fields": {"city": 3, "address": "A. Weizenbergi 37"}}, {"model": "backend.office", "pk": 11, "fields": {"city": 3, "address": "Vabaõhumuuseumi tee 12"}}, {"model": "backend.office", "pk": 12, "fields": {"city": 3, "address": "Vesilennuki 6"}}, {"model": "backend.office", "pk": 13, "fields": {"city": 4, "address": "12 Parnavaz Mepe St"}}, {"model": "backend.office", "pk": 14, "fields": {"city": 4, "address": "14 მ. შარაშიძის ქუჩა"}}, {"model": "backend.office", "pk": 15, "fields": {"city": 4, "address": "77 Chavchavadze St"}}, {"model": "backend.employee", "pk": 7, "fields": {"employees": 2, "image": "images/employees/IMG_20231130_190243_706.png", "name": "Шашкова Алина", "position": "Менеджер по набору персонала", "quote": "Присоединяйтесь к дружной команде Ё-такси"}}, {"model": "backend.employee", "pk": 10, "fields": {"employees": 3, "image": "images/employees/IMAGE_2023-11-15_13_09_47_2_b8s1kTJ.jpg", "name": "Брюховских Владислав", "position": "Операционный директор сети Ё-такси", "quote": "Мы - современный, иновационный таксопарк! Наша задача - создать для водителя комфортные условия для стабильного заработка! Мы ждём тебя в нашей команде, коллега!"}}, {"model": "backend.employee", "pk": 12, "fields": {"employees": 3, "image": "images/employees/IMAGE_2023-11-15_13_09_47_21_ogntprJ.png", "name": "Дунбинский Сергей", "position": "Директор Краснояского филиала Ё-такси", "quote": "Рынок такси активно развивается и мы развиваемся вместе с ним, ставя перед собой амбициозные цели"}}, {"model": "backend.employee", "pk": 14, "fields": {"employees": 3, "image": "images/employees/IMG_20231130_190243_940.png", "name": "Шеблов Александр", "position": "Директор Омского филиала Ё-такси", "quote": "Ё-Такси - стабильность и уверенность в завтрашнем дне."}}, {"model": "backend.employee", "pk": 16, "fields": {"employees": 4, "image": "images/employees/IMAGE_2023-11-15_13_09_47_22.png", "name": "Вячеслав Виноградов", "position": "Директор Новокузнецкого филиала Ё-такси", "quote": "Наша задача сделать так, чтобы клиенту было во всём удобно, и не важно, насколько это сложно бизнесу"}}, {"model": "backend.employee", "pk": 17, "fields": {"employees": 4, "image": "images/employees/IMAGE_2023-11-15_13_09_47_21.png", "name": "Дунбинский Сергей", "position": "Директор Краснояского филиала Ё-такси", "quote": "Рынок такси активно развивается и мы развиваемся вместе с ним, ставя перед собой амбициозные цели"}}, {"model": "backend.employee", "pk": 19, "fields": {"employees": 4, "image": "images/employees/IMAGE_2023-11-15_13_09_47_2.png", "name": "Дмитрий Анушин", "position": "Директор филиала Ё-такси в Улан-Удэ", "quote": "Ё-Такси - стабильность и уверенность в завтрашнем дне."}}, {"model": "backend.employee", "pk": 20, "fields": {"employees": 1, "image": "images/employees/IMG_20231130_190243_706_eKRIrlh.png", "name": "Шашкова Алина", "position": "Менеджер по набору персонала", "quote": "Присоединяйтесь к дружной команде Ё-такси"}}, {"model": "backend.employee", "pk": 23, "fields": {"employees": 3, "image": "images/employees/IMG_20231130_190244_337.png", "name": "Буллер Виталий", "position": "Директор филиала Ё-такси в Иркутске", "quote": "Профессионализм наших менеджеров - залог хорошего дохода водителей"}}, {"model": "backend.employee", "pk": 24, "fields": {"employees": 4, "image": "images/employees/IMAGE_2023-11-15_13_09_47_2.jpg", "name": "Брюховских Владислав", "position": "Операционный директор сети Ё-такси", "quote": "Мы - современный, иновационный таксопарк! Наша задача - создать для водителя комфортные условия для стабильного заработка! Мы ждём тебя в нашей команде, коллега!"}}, {"model": "backend.employee", "pk": 25, "fields": {"employees": 4, "image": "images/employees/IMG_20231130_190243_706_6Vl6Vps.png", "name": "Шашкова Алина", "position": "Менеджер по набору персонала", "quote": "Присоединяйтесь к дружной команде Ё-такси"}}, {"model": "backend.employee", "pk": 26, "fields": {"employees": 3, "image": "images/employees/IMG_20231130_190243_706_lbq6FXu.png", "name": "Шашкова Алина", "position": "Менеджер по набору персонала", "quote": "-Присоединяйтесь к дружной команде Ё-такси"}}, {"model": "backend.employee", "pk": 27, "fields": {"employees": 1, "image": "images/employees/IMAGE_2023-11-15_13_09_47_2_5I0ew77.jpg", "name": "Брюховских Владислав", "position": "Операционный директор сети Ё-такси", "quote": "Мы - современный, иновационный таксопарк! Наша задача - создать для водителя комфортные условия для стабильного заработка! Мы ждём тебя в нашей команде, коллега!"}}, {"model": "backend.employee", "pk": 28, "fields": {"employees": 2, "image": "images/employees/IMAGE_2023-11-15_13_09_47_2_SmYGOwR.jpg", "name": "Брюховских Владислав", "position": "Операционный директор сети Ё-такси", "quote": "Мы - современный, иновационный таксопарк! Наша задача - создать для водителя комфортные условия для стабильного заработка! Мы ждём тебя в нашей команде, коллега!"}}, {"model": "backend.employee", "pk": 29, "fields": {"employees": 1, "image": "images/employees/IMG_20231130_190244_337_SFU2gWc.png", "name": "Буллер Виталий", "position": "Директор филиала Ё-такси в Иркутске", "quote": "Профессионализм наших менеджеров - залог хорошего дохода водителей"}}, {"model": "backend.employee", "pk": 30, "fields": {"employees": 2, "image": "images/employees/IMG_20231130_190244_337_KlZG2s8.png", "name": "Буллер Виталий", "position": "Директор филиала Ё-такси в Иркутске", "quote": "Профессионализм наших менеджеров - залог хорошего дохода водителей"}}, {"model": "backend.employee", "pk": 31, "fields": {"employees": 4, "image": "images/employees/IMG_20231130_190244_337_PZVcT6A.png", "name": "Буллер Виталий", "position": "Директор филиала Ё-такси в Иркутске", "quote": "Профессионализм наших менеджеров - залог хорошего дохода водителей"}}, {"model": "backend.employee", "pk": 32, "fields": {"employees": 1, "image": "images/employees/IMAGE_2023-11-15_13_09_47_21_J4fQJCV.png", "name": "Дунбинский Сергей", "position": "Директор Краснояского филиала Ё-такси", "quote": "Рынок такси активно развивается и мы развиваемся вместе с ним, ставя перед собой амбициозные цели"}}, {"model": "backend.employee", "pk": 33, "fields": {"employees": 2, "image": "images/employees/IMAGE_2023-11-15_13_09_47_21_M9Sitwz.png", "name": "Дунбинский Сергей", "position": "Директор Краснояского филиала Ё-такси", "quote": "Рынок такси активно развивается и мы развиваемся вместе с ним, ставя перед собой амбициозные цели"}}, {"model": "backend.employee", "pk": 34, "fields": {"employees": 3, "image": "images/employees/IMAGE_2023-11-15_13_09_47_2_X3wRSb3.png", "name": "Дмитрий Анушин", "position": "Директор филиала Ё-такси в Улан-Удэ", "quote": "Ё-Такси - стабильность и уверенность в завтрашнем дне."}}, {"model": "backend.employee", "pk": 35, "fields": {"employees": 2, "image": "images/employees/IMAGE_2023-11-15_13_09_47_2_bMerqAl.png", "name": "Дмитрий Анушин", "position": "Директор филиала Ё-такси в Улан-Удэ", "quote": "Ё-Такси - стабильность и уверенность в завтрашнем дне."}}, {"model": "backend.employee", "pk": 36, "fields": {"employees": 1, "image": "images/employees/IMAGE_2023-11-15_13_09_47_2_AhfM0EJ.png", "name": "Дмитрий Анушин", "position": "Директор филиала Ё-такси в Улан-Удэ", "quote": "Ё-Такси - стабильность и уверенность в завтрашнем дне."}}, {"model": "backend.employee", "pk": 37, "fields": {"employees": 1, "image": "images/employees/IMAGE_2023-11-15_13_09_47_22_GwaSM6V.png", "name": "Вячеслав Виноградов", "position": "Директор Новокузнецкого филиала Ё-такси", "quote": "Наша задача сделать так, чтобы клиенту было во всём удобно, и не важно, насколько это сложно бизнесу"}}, {"model": "backend.employee", "pk": 38, "fields": {"employees": 2, "image": "images/employees/IMAGE_2023-11-15_13_09_47_22_EAAYVwM.png", "name": "Вячеслав Виноградов", "position": "Директор Новокузнецкого филиала Ё-такси", "quote": "Наша задача сделать так, чтобы клиенту было во всём удобно, и не важно, насколько это сложно бизнесу"}}, {"model": "backend.employee", "pk": 39, "fields": {"employees": 3, "image": "images/employees/IMAGE_2023-11-15_13_09_47_22_3SJnBtP.png", "name": "Вячеслав Виноградов", "position": "Директор Новокузнецкого филиала Ё-такси", "quote": "Наша задача сделать так, чтобы клиенту было во всём удобно, и не важно, насколько это сложно бизнесу"}}, {"model": "backend.employee", "pk": 40, "fields": {"employees": 4, "image": "images/employees/IMG_20231130_190243_940_MPS7jNY.png", "name": "Шеблов Александр", "position": "Директор Омского филиала Ё-такси", "quote": "Ё-Такси - стабильность и уверенность в завтрашнем дне."}}, {"model": "backend.employee", "pk": 41, "fields": {"employees": 2, "image": "images/employees/IMG_20231130_190243_940_OByR9Ip.png", "name": "Шеблов Александр", "position": "Директор Омского филиала Ё-такси", "quote": "Ё-Такси - стабильность и уверенность в завтрашнем дне."}}, {"model": "backend.employee", "pk": 42, "fields": {"employees": 1, "image": "images/employees/IMG_20231130_190243_940_dOl1meR.png", "name": "Шеблов Александр", "position": "Директор Омского филиала Ё-такси", "quote": "Ё-Такси - стабильность и уверенность в завтрашнем дне."}}, {"model": "backend.car", "pk": 1, "fields": {"city": 1, "image": "images/jetta_Vaz.webp", "model": "Jetta VA3", "transmission": "АКПП", "engine_capacity": "1.5", "fuel": "Газ", "rental_price": 2000, "taxi_class": "Эконом"}}, {"model": "backend.car", "pk": 2, "fields": {"city": 1, "image": "images/faw.webp", "model": "FАW Bestunе B70", "transmission": "АКПП", "engine_capacity": "2.0", "fuel": "Газ", "rental_price": 1500, "taxi_class": "Эконом"}}, {"model": "backend.car", "pk": 3, "fields": {"city": 2, "image": "images/jac_j7.webp", "model": "JAC J7", "transmission": "АКПП", "engine_capacity": "1.5", "fuel": "Газ", "rental_price": 1000, "taxi_class": "Эконом"}}, {"model": "backend.car", "pk": 4, "fields": {"city": 2, "image": "images/jetta.webp", "model": "Jetta VA3", "transmission": "АКПП", "engine_capacity": "1.5", "fuel": "Газ", "rental_price": 1500, "taxi_class": "Эконом"}}, {"model": "backend.car", "pk": 5, "fields": {"city": 2, "image": "images/polo_2021.webp", "model": "Volkswagen Polo", "transmission": "АКПП", "engine_capacity": "1.6", "fuel": "Газ", "rental_price": 2000, "taxi_class": "Эконом"}}, {"model": "backend.car", "pk": 6, "fields": {"city": 3, "image": "images/polo_2021_QYjW0C3.webp", "model": "Volkswagen Polo", "transmission": "АКПП", "engine_capacity": "1.6", "fuel": "Газ", "rental_price": 3000, "taxi_class": "Эконом"}}, {"model": "backend.car", "pk": 7, "fields": {"city": 3, "image": "images/jac_j7_SfG3EbU.webp", "model": "JAC J7", "transmission": "АКПП", "engine_capacity": "1.5", "fuel": "Газ", "rental_price": 3000, "taxi_class": "Эконом"}}, {"model": "backend.car", "pk": 8, "fields": {"city": 3, "image": "images/jetta_Vaz_xOZAU2u.webp", "model": "Jetta VA3", "transmission": "АКПП", "engine_capacity": "1.5", "fuel": "Газ", "rental_price": 2000, "taxi_class": "Эконом"}}, {"model": "backend.car", "pk": 9, "fields": {"city": 4, "image": "images/polo_2021_GWCAvKp.webp", "model": "Volkswagen Polo", "transmission": "АКПП", "engine_capacity": "1.6", "fuel": "Газ", "rental_price": 2000, "taxi_class": "Эконом"}}, {"model": "backend.car", "pk": 10, "fields": {"city": 4, "image": "images/jetta_YrgSfQa.webp", "model": "Jetta VA3", "transmission": "АКПП", "engine_capacity": "1.5", "fuel": "Газ", "rental_price": 2000, "taxi_class": "Эконом"}}, {"model": "backend.car", "pk": 11, "fields": {"city": 4, "image": "images/jac_j7_F2YIrVr.webp", "model": "JAC J7", "transmission": "АКПП", "engine_capacity": "1.5", "fuel": "Газ", "rental_price": 2000, "taxi_class": "Эконом"}}, {"model": "backend.car", "pk": 12, "fields": {"city": 3, "image": "images/taos.webp", "model": "Volkswagen Taos", "transmission": "МКПП", "engine_capacity": "1.6", "fuel": "Газ", "rental_price": 2500, "taxi_class": "Эконом"}}, {"model": "backend.car", "pk": 13, "fields": {"city": 1, "image": "images/original_1.png", "model": "FАW Bestunе B70", "transmission": "АКПП", "engine_capacity": "1.5", "fuel": "Газ", "rental_price": 1500, "taxi_class": "Эконом"}}, {"model": "backend.car", "pk": 14, "fields": {"city": 1, "image": "images/1bc4dd099ff7a1b2fc7fb3b91dfbe83e-gpLarge_1.png", "model": "Chevrolet Cobalt", "transmission": "АКПП", "engine_capacity": "1.5", "fuel": "Газ", "rental_price": 1500, "taxi_class": "Эконом"}}, {"model": "backend.car", "pk": 15, "fields": {"city": 1, "image": "images/maxresdefault_1.png", "model": "Volkswagen Taos", "transmission": "МКПП", "engine_capacity": "1.6", "fuel": "Газ", "rental_price": 1500, "taxi_class": "Эконом"}}, {"model": "backend.car", "pk": 16, "fields": {"city": 2, "image": "images/JAC_J7.png", "model": "JAC J7", "transmission": "АКПП", "engine_capacity": "1.5", "fuel": "Газ", "rental_price": 2000, "taxi_class": "Эконом"}}, {"model": "backend.car", "pk": 17, "fields": {"city": 2, "image": "images/Jetta_VA31.png", "model": "Jetta VA3", "transmission": "АКПП", "engine_capacity": "1.5", "fuel": "Газ", "rental_price": 1000, "taxi_class": "Эконом"}}, {"model": "backend.car", "pk": 18, "fields": {"city": 2, "image": "images/Jetta_VA3.png", "model": "Jetta VA3", "transmission": "АКПП", "engine_capacity": "1.5", "fuel": "Газ", "rental_price": 1500, "taxi_class": "Эконом"}}, {"model": "backend.car", "pk": 19, "fields": {"city": 4, "image": "images/upload-volkswagen_bora_61_066103cc075704f6-pic4_zoom-1500x1500-84178_1.png", "model": "Volkswagen Bora", "transmission": "АКПП", "engine_capacity": "1.6", "fuel": "Газ", "rental_price": 2500, "taxi_class": "Эконом"}}, {"model": "backend.car", "pk": 20, "fields": {"city": 4, "image": "images/15879920783271.png", "model": "Skoda Octavia", "transmission": "МКПП", "engine_capacity": "1.6", "fuel": "Газ", "rental_price": 2500, "taxi_class": "Эконом"}}, {"model": "backend.car", "pk": 21, "fields": {"city": 4, "image": "images/JAC_J7_97upv7F.png", "model": "JAC J7", "transmission": "АКПП", "engine_capacity": "1.5", "fuel": "Газ", "rental_price": 2000, "taxi_class": "Эконом"}}, {"model": "backend.feedback", "pk": 1, "fields": {"city": 1, "name": "Виктор Зенин", "text": "Он правда из Томска, из Екб видимо нет довольных :D", "url_video": "https://youtu.be/HXzntBEUAfA"}}, {"model": "backend.feedback", "pk": 2, "fields": {"city": 1, "name": "Аян Сандара", "text": "Он тоже из Томска", "url_video": "https://youtu.be/q2gRqgS7VPg"}}, {"model": "backend.feedback", "pk": 3, "fields": {"city": 2, "name": "Акперов Вусал", "text": "-", "url_video": "https://youtu.be/pQf1MmoFDeo"}}, {"model": "backend.feedback", "pk": 4, "fields": {"city": 2, "name": "Сергеев Алексей", "text": "-", "url_video": "https://youtu.be/nsNsT_2VZJA"}}, {"model": "backend.feedback", "pk": 5, "fields": {"city": 2, "name": "Роман Иванов", "text": "-", "url_video": "https://youtu.be/K0seAZEAf0M"}}, {"model": "backend.feedback", "pk": 6, "fields": {"city": 3, "name": "Акперов Вусал", "text": "-", "url_video": "https://youtu.be/pQf1MmoFDeo"}}, {"model": "backend.feedback", "pk": 7, "fields": {"city": 3, "name": "Роман Иванов", "text": "-", "url_video": "https://youtu.be/K0seAZEAf0M"}}, {"model": "backend.feedback", "pk": 8, "fields": {"city": 3, "name": "Сергеев Алексей", "text": "-", "url_video": "https://youtu.be/nsNsT_2VZJA"}}, {"model": "backend.feedback", "pk": 9, "fields": {"city": 4, "name": "Акперов Вусал", "text": "-", "url_video": "https://youtu.be/pQf1MmoFDeo"}}, {"model": "backend.feedback", "pk": 10, "fields": {"city": 4, "name": "Роман Иванов", "text": "-", "url_video": "https://youtu.be/K0seAZEAf0M"}}, {"model": "backend.feedback", "pk": 11, "fields": {"city": 4, "name": "Аян Сандара", "text": "-", "url_video": "https://youtu.be/q2gRqgS7VPg"}}, {"model": "backend.feedback", "pk": 12, "fields": {"city": 1, "name": "Дмитрий Радков", "text": "-", "url_video": "https://youtu.be/1W0M6pfYNSo"}}]